"","AFGC","BG","LTR","PFGC","SHR","TREE","elevation.clean","ndvi.16.clean","road.dist.clean","slope.clean","water.dist.clean"
"1",NA,NA,NA,NA,NA,NA,NA,NA,NA,NA,NA
"2",48.8572097088915,2.33285621119532,10.8439703611395,23.3154671897316,5.11587760726074,30.3066078572455,234.610895666803,0.198574575889835,42.9550439251387,12.7541983723693,697.547285473546
"3",42.1357284981773,3.42499473008031,13.1511225026808,18.3850149927395,5.9272654883162,25.4812505744506,245.715231008438,0.188190984940094,29.2977399840013,11.3201789925897,586.230804570283
"4",50.4724187338461,3.23629050355529,12.4710942918741,21.5313680146533,3.66354151499917,12.32065547469,249.000769974906,0.133348203462305,146.076799904513,13.157869258335,460.142433341945
"5",48.8511021908486,2.29928588928692,10.6424436162016,21.6668574344204,4.47370561832965,23.9033484354635,239.6687741547,0.204048076533832,209.791611823731,15.7486573222191,353.321253113242
"6",55.3719941991766,3.69725462628163,10.3732884454334,19.2685236578436,1.54712087439137,9.10117242507589,265.223644134533,0.115390439678679,107.960394378969,16.3324723777721,288.76872347154
"7",49.9599358987605,3.63008862924744,10.4578118212147,23.1619194432441,4.03947936928102,27.5840161406665,281.2798483431,0.189372463013275,34.7100556065042,14.5594571553539,292.818920421995
"8",51.9506111737636,2.54530269656198,10.2304922866195,23.3134850873562,4.03963629947949,25.3388202351456,298.522828239395,0.175271870245009,79.2902539517218,13.1880048507917,352.987811773946
"9",52.5685615163278,2.89242782916361,9.56316959063735,21.4409887987881,2.26084915598763,15.6667512300063,290.917796844893,0.144699317137075,135.457460680183,13.5852453425413,300.869150878411
"10",38.3418486066771,1.94961798551039,10.5131158430472,25.29285778263,11.235149476081,44.7485958946951,265.498217831061,0.375927241058646,64.5839401376621,13.5412836352875,218.392147761383
"11",48.0359628173639,7.06046946391854,13.0555884951227,24.0024006254765,4.56740191352268,16.9819895425064,255.310371315267,0.182350663047881,42.7552150526739,7.3673515961085,140.279611872981
"12",46.1881000346814,3.38299014268746,11.4177293690515,18.9930170823438,4.13689064773951,20.4143834055389,250.825803901279,0.176715098041915,52.5611889591159,6.11603875275292,34.7035098014107
"13",50.8839993292868,3.29435827836556,11.4587560352025,17.7149273605157,2.33145816042148,7.60715289299573,274.565902387439,0.104937965856756,99.315058753265,15.9911646974943,102.992661039565
"14",56.1392344093237,4.50768270140266,9.78540390692777,15.3954080426352,0.744836984155142,1.83827925393311,304.711199216554,0.0654023844233458,43.8597040293278,15.1689920467643,182.222236308013
"15",48.2413432090329,1.89401727830716,9.84173733569103,19.7124718789474,4.24578858223817,16.2167175209814,306.877155122816,0.179273376884265,157.305185404201,20.5833367743349,141.336200045854
"16",48.9709822369041,1.82609952034093,9.52681807950168,23.5338470165883,4.40481677004205,25.8585260351226,300.421589836574,0.236373178349073,263.828836808611,15.5193716665903,159.971324288931
"17",48.5425901240127,2.95528303635934,11.0171063891106,20.7077281139404,2.97767401591481,21.4488728190987,331.118875437947,0.182447018862226,249.01603962864,14.8490933079624,183.620066726983
"18",47.5146068722728,2.07027698910797,10.4046645544449,24.743690642515,4.45823754373685,25.2781983978733,322.800807122046,0.254525885430458,111.449276457673,12.8365591587279,72.2904492038078
"19",43.1875952324191,1.32411587356052,9.86432361229745,22.4326240674667,5.95580326499492,33.2549452301861,323.237175260329,0.268980349245285,27.6492724868407,13.8634745280468,38.4323044517484
"20",41.0537446416836,1.08065121916346,8.91507149793666,25.400349338962,8.2337059485471,33.8089551211838,323.333220930995,0.289717241797161,88.9872612494772,15.0677176257595,34.1987324546938
"21",53.3866062286156,1.63889624815262,10.0505491741257,19.4196111316889,3.90790342625645,27.3020298172756,221.659113742485,0.105519118830001,91.0972174091981,12.5349625994163,603.853674559689
"22",36.8496093897638,4.49346724859284,13.1160051159052,22.187734497591,9.75388126018266,31.176958046147,229.789294652883,0.196158406286311,118.178384819274,13.6924729217646,597.480922166185
"23",45.2352923581359,21.8394245169529,19.1478200452246,27.1319877751886,18.6161158645287,21.7440172402755,257.205106609593,0.0565904005281638,42.977934320436,10.567256068534,514.174998419892
"24",48.1453046058919,8.46456836354095,14.7574752901814,22.3889108264458,7.70685002413686,13.3772657975495,266.41148006621,0.0878864850414905,85.5739571058784,11.0381429305552,385.674062172481
"25",50.164977815609,2.30190693007448,10.4743729488041,23.1542993787577,4.66353429164599,23.6385388024615,252.399595166297,0.208922172705925,114.048345339132,16.0033013287705,252.09569054676
"26",51.9489010077023,9.74064940279449,13.1265110749437,21.585447789,5.07223717670328,14.7005853886794,273.882143497658,0.127633894959658,39.7503404039479,11.0302421401938,149.85763526729
"27",40.8582132590914,13.4759565081594,14.9390211384612,20.741643916617,10.3138952729716,27.9730623542189,267.424801504654,0.173704916051128,31.6227019012735,14.0618806870896,156.992542026414
"28",40.0384493483124,2.45023690562329,10.3286062749122,21.946011591896,6.81827374323833,32.6524219246912,262.184166626186,0.293291279606502,37.3360804833693,16.8686187480166,251.802411185486
"29",39.5632667223001,2.23719360729828,10.4695526877959,24.9475816257691,9.52068750736124,41.7881801688834,267.085557533014,0.309730488627113,54.892407457163,18.6974878642392,191.668671125951
"30",48.7779612474662,3.12097490392218,10.3889961496673,24.4459585538013,4.25946296684854,27.7733256373293,249.210290536624,0.188018699362675,44.0899055419158,6.95546870163413,92.2228122457089
"31",51.0437144368968,5.25087043872295,10.3441173780861,25.5006575810373,1.05100688233706,6.1133438738789,249.594894787465,0.0669127471848552,44.5201255967768,3.91925620033123,79.6731355166751
"32",50.4067469854164,3.39546420502809,10.6661198239561,18.4637585809022,3.14835407080274,15.4127675838253,265.102808710174,0.155209060192249,93.9428048021768,12.7379450182795,137.681454343581
"33",54.5450383624419,3.59149376601939,10.5451480478169,16.1057559229479,0.955254681981739,4.61228245031537,302.99072208738,0.0582941278567187,59.3660285453586,13.8976972175655,178.754161809482
"34",50.9114327639511,5.00298886345734,9.0663806421917,23.6685630133913,0.912263170068803,2.75052617228596,331.173376650135,0.0454332965519952,73.9342316425636,11.0196709170512,157.065487569918
"35",52.0208900887837,2.87980839677988,9.18585970966199,21.9726314113612,2.34571322215158,10.9937796945368,336.193504442786,0.137855259187368,196.280402213316,13.3383580823731,49.7329487067266
"36",46.8840874218931,2.74189735215529,9.65980898055219,27.0300101889174,5.30474962787908,32.1782503545434,326.097993790423,0.290542994328572,239.838871116252,17.4782210821869,89.4763522573271
"37",47.36338080871,2.00562883609996,9.45213524479642,27.2262719380524,5.46593552101624,33.4574719844394,340.024001728755,0.27207526302502,207.179800945214,13.4066694003164,180.604671002344
"38",50.9369277849683,2.04747663138957,10.3683623052494,25.0059837165557,3.29484223586027,20.0779258468604,344.39121863729,0.228269316237856,172.211132661865,13.2101105406051,67.6789352387721
"39",42.1463060996725,1.35826213514907,8.8384104099069,25.6355834630195,8.55413894346879,38.2515707435076,347.526086555262,0.312006826605246,73.1542336435836,11.5156535504528,42.4671570881769
"40",42.797853957205,1.68629171983719,9.64883427095557,25.9260591195358,7.40253443498144,33.9841121857631,344.627071429593,0.26144677422294,40.0338766794284,14.8692222487671,112.879595806389
"41",42.6613482269466,1.99034374550076,11.9677753583307,18.405028149508,6.29968199665565,38.8931814893395,212.955435377213,0.194876915879924,52.234961426477,11.2385096531448,546.455867067771
"42",42.493904402529,2.64525115337128,12.511740291735,19.660924151319,5.38518419357286,25.9226347191463,231.02404163921,0.152687922538725,137.275677529225,12.7943401773901,480.345255572738
"43",48.4109078134655,10.2743942404865,16.5198812424638,24.747973556208,10.2331244490631,14.6789716374251,261.248160085303,0.0729648489399716,121.093633783795,10.485749610561,395.944295892476
"44",44.90152394638,11.0612023618052,15.6275349816497,20.4682295165485,9.40347287270846,16.0655142835199,278.280202006388,0.11177377297004,43.9346365643845,9.73719526015995,329.603620678682
"45",47.8075019865031,10.3633020925563,14.9656288972034,20.1317651683785,8.65084467148988,9.64183601546293,278.027429456674,0.0678123243515349,26.610637608583,11.3348449082765,198.542461165504
"46",37.5140005644749,14.3516675420007,15.2058599163335,21.2982485682737,12.4189103445345,25.1833901565594,281.399860098478,0.162668461131807,46.8908836869546,12.8356984051216,58.4591644404109
"47",45.4640666818951,12.7849630147489,14.0756443456782,21.3873516365637,9.89875741798684,27.031621147577,305.293570620757,0.161124688862061,132.323365633531,21.2212196167197,78.1078559523121
"48",43.3602838538079,2.64449837005446,9.89234234177948,22.6331492428215,10.6501562265437,30.9669486907163,285.87199209609,0.328052224882483,121.045659868793,27.8741165637658,203.911532764568
"49",48.2965702947388,2.5452372344133,10.984210861068,21.9588430379986,6.01885597577618,26.468649405339,244.137736642625,0.231841166400574,75.0835252098715,6.34857731917532,125.619216300817
"50",51.5925025349507,3.58637463711086,10.395065588763,21.1878857059997,1.63732812040256,12.7570733630651,241.433727956497,0.109550404636113,111.30947861313,3.53995615330476,19.9290279706012
"51",51.7725981533247,3.19813529985448,8.53910413105222,24.4581226744018,3.68158103820839,21.095956154387,254.68416348793,0.157817689279329,47.3222306741113,7.77354300110795,136.61011221902
"52",51.665381849068,5.12994252744297,8.72011373962019,23.1758973785129,1.51678365363378,4.0871794117188,295.316804000959,0.053759751582328,140.517685477616,17.8778095750358,139.481552638074
"53",49.6262776121024,3.47733322283247,9.62977799698817,21.1873956978217,3.23450716581396,23.0215047085557,313.695370570046,0.211582087108609,54.3215962388804,17.7400705447613,73.8605887004197
"54",49.5066783758507,6.98527162547435,9.60419828612127,27.3329460338023,2.29740413231233,11.1834212134531,336.914128232688,0.116156369388666,43.8768979765047,9.25829732417565,106.221818836613
"55",52.7145375383142,6.6030350504884,9.73767475612274,29.4263671964838,1.64241524209654,3.52730192969466,339.802475764071,0.101420653294502,95.2363383899834,4.13398461179247,26.4398986190107
"56",54.394379486434,3.5169661709567,9.03411420782764,24.0444698488501,2.09018274559232,17.3840324410116,346.715718183678,0.160389468426116,104.424848036434,11.3946800414762,83.9947576942215
"57",50.3897535930618,3.52633339374137,9.7864786482694,25.124110496855,3.74564899317235,24.7090580008802,367.26559579116,0.2023034398937,64.4071343505629,14.611930180429,203.531096204033
"58",43.7487100168166,8.25014538051143,12.467268559965,26.4948999038973,7.69140620144718,28.0556094378148,383.382360049025,0.203637565217699,91.6454206910084,17.1016139235637,141.889178081728
"59",37.7341927498425,1.97594979142067,10.1879191805972,25.644699092591,15.5951219172659,48.4524942870263,368.95589276313,0.402116203052239,141.034245246607,13.1593398391316,59.1401160226803
"60",40.0480682250924,9.87976546608493,15.5639023065852,27.5010698162471,7.32793411852439,20.347316376272,367.960268134357,0.189589106742343,75.9037842374398,11.8778535926311,141.859126204582
"61",NA,NA,NA,NA,NA,NA,NA,NA,NA,NA,NA
"62",46.4380652242636,2.01441771688101,10.7780399357441,18.5278812064208,5.30869518218238,36.1358673030936,234.835876326926,0.264203300627062,171.697178147744,13.2118961965777,387.781857377796
"63",54.2582162019124,2.88728539862055,10.6757659923566,20.6863982976592,1.74487150200046,9.56567592280935,257.093604526899,0.123398928961649,145.270065652754,13.4654571725635,287.581975905523
"64",52.4766956581081,2.78610296523317,10.2154404634633,21.8889046324234,4.85822550852647,21.5405832441936,293.27782017648,0.168021459977461,120.521041708344,18.5562431775314,213.397166222421
"65",42.8488393641676,2.38761435712649,10.5548396464337,27.1884674776727,10.1461309340577,42.4146138163045,278.514197240512,0.333582808015179,72.2136005860267,15.3616533961523,173.99794260527
"66",37.0793770397906,1.54546506998546,10.0660319142531,24.8517599361475,12.4619418590708,46.3572157190733,261.021830272136,0.329967908893321,41.1443708446648,12.833768755728,49.2567565653521
"67",35.2184513028841,4.53738428124973,11.2892532125511,23.4480693377798,13.7943612738438,44.603781972898,305.366999181895,0.348307982532204,124.998468953404,21.5338822289432,58.7896996574403
"68",46.0781202115229,2.77011013781743,10.5893092486152,22.6478365677482,7.19882466374003,31.9623831360267,338.605230234934,0.287114931085103,207.24777970134,28.1318365489753,161.990815240495
"69",44.2261927515457,2.77579991680273,9.36431005101556,27.9678240847978,8.67634650670057,39.6827503724893,259.91673003762,0.331395388327062,171.323421269792,18.4627655340854,75.5562505879263
"70",51.1404411346822,3.64269626010965,9.75016474310989,27.2252325542633,2.32418814140713,12.0780862119433,239.992462946648,0.150221114357439,82.389068911527,4.38103959953834,24.0716893067755
"71",48.2536292778102,5.97450515114413,10.9466120314122,25.6362822123573,4.22794499505637,21.9608254903193,265.935993495783,0.118668767991156,122.820330884535,11.7923836496534,177.815180636356
"72",47.3307861412944,7.63826340718087,10.6442275700168,28.1459370784957,2.54956901531662,10.337557872359,307.927807243116,0.0252294221182987,216.745053179371,13.6223721673398,128.484851294157
"73",47.755543180624,7.33317958768771,12.0876327409744,25.31911742635,3.52209973016131,25.1196155800619,328.201441996316,0.148414877692984,147.621292334704,9.25341733769091,43.9206174212507
"74",51.6325372755317,10.4085138568144,13.5326948614672,26.7824660219957,3.75270983141137,16.1413632940336,338.891228972852,0.139713016074837,98.9383243400765,12.2303487831939,138.811312766489
"75",46.8247038776591,6.11971970761496,11.9253086229923,23.836868268079,5.23007952308298,19.401000157044,345.873621870608,0.195445894922743,42.0348427561883,8.45370672297702,140.227129441867
"76",39.297065723807,2.88771939239328,9.53237530909469,24.2072079425441,7.17083399323308,32.0276474644316,365.875144144744,0.276150502758317,38.3111960339362,12.2559963974743,192.896425968645
"77",42.9845843339537,9.95446614466091,13.4012961378017,25.9559713722593,7.11655599800618,30.9357708018152,395.791639272551,0.205596163735429,55.9363456652159,11.9463972955699,259.011631596725
"78",38.9094902847126,5.50245963857043,11.8290281837033,26.6873240759824,9.02267869558457,32.4227217237019,412.392853136318,0.284087031634432,52.9176990483858,11.0161470997079,150.991447586948
"79",36.9325660919738,2.68533325422086,10.3966410760976,26.4358338009525,14.6821106291197,41.6816565297345,389.781018363395,0.37102176294604,184.898578986344,14.6938213423004,31.1654984901545
"80",33.490673967764,5.35512499375895,14.0775093831616,27.8149810089662,9.83438166225915,24.9664988634613,394.728488739519,0.260025343138779,212.848233134767,14.2024930729065,124.261233119788
"81",NA,NA,NA,NA,NA,NA,NA,NA,NA,NA,NA
"82",NA,NA,NA,NA,NA,NA,NA,NA,NA,NA,NA
"83",NA,NA,NA,NA,NA,NA,NA,NA,NA,NA,NA
"84",36.4933806341491,1.46917024681172,11.0770062878278,26.8437675207067,12.3058970851052,42.2966463258293,291.399025850248,0.434271283480086,53.7951671336926,29.8201190972448,122.228934417027
"85",43.2938960965087,3.2466744841316,9.88634980434758,24.1848786552067,7.22194651221621,43.3334193755083,266.20564288852,0.271594102709836,48.3523158882012,13.6203738146914,114.078186988595
"86",42.8208644452692,2.04382164951266,10.5323476095782,24.6351308259619,9.37508846832089,45.9611718133216,243.893095468264,0.328135606573531,60.3689630579401,8.85753852137679,32.1083647571042
"87",35.6526540520534,5.82950704948207,11.8435962991782,22.9326347288465,13.495687719735,43.8705830526388,272.273770459237,0.343073213302926,75.8721630375828,23.5648036248329,35.3228111313456
"88",35.8794780126992,2.14282841252904,11.047111792892,27.1288924333784,16.4746599424285,45.0080032140535,306.565824974751,0.436904035126773,157.485426526512,31.3550426376442,123.693464213294
"89",38.7803240791396,2.21453815597303,9.76050561903101,26.6085466770859,12.0781551888431,48.3729294829341,246.880493215696,0.381050319305797,91.4045442382367,17.3662026250178,37.9888176450328
"90",46.5666133211746,4.12321140894983,10.412054557653,22.1538674595202,5.70728532218827,25.5142597393671,243.961438512054,0.204841257198836,37.7095116871103,7.81587300764637,55.025969399801
"91",36.7168434027072,5.60645937471249,11.5358519235066,23.0231435131477,8.6348401141785,34.2183476533995,276.57496157819,0.251964582565206,226.7781096785,16.3674117518388,239.591980205016
"92",39.7559501880836,9.05539255665204,12.4126821454425,23.8390660956248,7.83011177209302,30.8294119436545,306.681167154839,0.202078270474365,316.70885613297,16.7731325278974,187.234691915321
"93",36.9376705814219,7.22030327381928,12.5505026589951,24.0800653356176,7.51203675975948,31.4540502067538,327.313165484957,0.233493811917406,283.456460420272,14.0125996687537,151.730458601892
"94",46.7467637493303,22.7037527111766,17.5404715267323,25.1711848374606,5.76494641452693,15.4882440633486,359.463807962699,0.104031935214307,228.095469228118,9.69614246796185,218.438972096133
"95",38.8526112316355,14.1584113747944,16.4776540024868,25.9174034954247,8.68045443978073,21.0276490488496,365.418058396347,0.176156339384393,168.950450873415,12.9409535346309,280.51983785892
"96",35.6686099941888,4.06733364894075,11.9739005339312,27.8073280421033,8.05795967237625,30.2435936449771,382.248684440583,0.278642066043488,165.001183317193,13.6188422169289,325.340068346771
"97",39.712921777623,7.57074431029989,12.0386131297474,27.3803699269235,6.0738830387216,26.4522492623901,409.713419829661,0.248161417609609,102.239818116125,13.2256319738866,302.833669770257
"98",46.3914350357028,15.0155954508346,15.1450552729457,26.5471870239664,6.12236339520873,20.892031016073,429.927202127942,0.177882792765544,39.6141121307897,8.79596092149704,158.76337580016
"99",34.8635334897772,4.27958120003156,12.2900560061699,28.1757754315201,8.49792502809289,28.6972709588012,417.0510192398,0.294639947425363,123.415079734209,16.1747906933314,32.1668082910156
"100",38.1346277868045,7.74301782703465,14.2398611900456,28.9187213210008,6.98408857341072,21.3602987614334,428.803122994009,0.21186058252382,163.59525806061,19.1257109916918,75.1278147395036
"101",NA,NA,NA,NA,NA,NA,NA,NA,NA,NA,NA
"102",NA,NA,NA,NA,NA,NA,NA,NA,NA,NA,NA
"103",NA,NA,NA,NA,NA,NA,NA,NA,NA,NA,NA
"104",NA,NA,NA,NA,NA,NA,NA,NA,NA,NA,NA
"105",NA,NA,NA,NA,NA,NA,NA,NA,NA,NA,NA
"106",57.0094090376708,2.54260006784614,13.4373911756853,24.0792673209085,1.04339224255712,8.28862815769992,234.997129319536,0.0603044918228411,110.07356541925,5.7294798946582,8.19083984745019
"107",40.1317256872404,2.9516384217659,10.9180890810662,20.1265477057036,6.58736021379078,30.7867829347609,240.698902140758,0.230618443795595,109.135338388778,16.123895711769,19.2136919025085
"108",42.1844631900653,2.06651378388727,10.5957511723079,22.3244466459576,8.88491383129022,34.9785743712506,237.966836603066,0.288719297764625,50.1869377754091,10.716536995763,41.2237718015649
"109",42.5006984568035,4.82117798890775,10.5996042333917,21.3909234175619,9.57572310497097,42.9411294040009,238.214528610504,0.293818665441715,36.0106964131534,7.80310643081402,44.8804975062143
"110",40.5936656869188,10.8964963320903,12.3656630979422,24.2000821203312,10.1414909114823,27.3943546918206,261.152167352621,0.170030539923548,120.255376526878,11.8627289921653,150.879417829739
"111",46.0277140886479,16.5915957104639,14.742285377421,23.1158313704349,6.91383779748771,20.2599918717939,309.24239744026,0.0822695604603939,331.589053805301,15.9838914907854,214.663435444567
"112",46.3397011084576,16.3860963147358,15.0290080163517,24.7108092449514,7.04718934084971,18.6714815328718,339.169174871671,0.102383561367374,391.129481299799,15.4550211389056,104.43804605416
"113",48.0401402650438,22.0040457087861,17.0823005557439,26.0014191459135,6.61380419414565,17.1755052505163,361.236837768864,0.0868073197726984,326.460048916745,15.2421751928534,112.035979415338
"114",40.6313309151202,12.6054469608752,13.7552600285455,26.3077219858088,8.56922737176588,28.8978674994089,369.599717773326,0.233387553443328,254.573412587522,15.9295478193368,159.054933147948
"115",43.0751610262349,11.3802848891016,14.8025107566037,28.5195318764254,7.93291609179828,21.6599953249801,393.955667908763,0.215337634435299,235.192495989517,14.6205192573133,264.076033047944
"116",42.3021389379207,12.7408260288404,15.6967354478761,27.8019395752822,6.63576249361961,17.311075492027,415.18066085496,0.180364706220895,260.694755632262,17.0455898185607,381.808684589636
"117",38.4717759842855,9.99458160231583,14.1280975853131,30.9312142047342,9.61271747213666,22.4976641698349,439.201820634673,0.233596632756812,182.389837381424,11.0573806158403,320.122661377062
"118",42.4062807842743,14.9164027364424,17.2259131736005,29.5162086882911,8.05773920946463,15.8688442044714,451.625515386731,0.177531115477849,80.7962744864424,9.79160676449436,176.534386512145
"119",40.3650104444074,16.8825073536566,18.4512425511207,26.4129675564367,11.0072991891758,17.2635584379673,446.560121299918,0.142273907260937,35.8571737809523,11.3535216023629,57.5688785071733
"120",33.2391660539707,4.18295273633036,13.0450896181043,31.313663625067,8.57841501284143,25.7880052367831,449.465605732287,0.28438252051506,47.8017512548963,13.7584816293636,27.9874661815032
"121",NA,NA,NA,NA,NA,NA,NA,NA,NA,NA,NA
"122",NA,NA,NA,NA,NA,NA,NA,NA,NA,NA,NA
"123",NA,NA,NA,NA,NA,NA,NA,NA,NA,NA,NA
"124",NA,NA,NA,NA,NA,NA,NA,NA,NA,NA,NA
"125",NA,NA,NA,NA,NA,NA,NA,NA,NA,NA,NA
"126",NA,NA,NA,NA,NA,NA,NA,NA,NA,NA,NA
"127",48.1786339817057,14.7072606958963,15.1409603411833,21.75147920192,6.62295821352154,13.0541460914783,238.089682732656,0.080585818170401,51.5774915012231,6.36008865307954,40.5548676698875
"128",38.7990541501064,8.12132160162636,13.5374467553416,21.7408580272365,7.74102097829055,21.5154921546926,238.102013647692,0.147230398083002,32.7040303271839,8.17094955682132,26.4292598023319
"129",33.8242508017153,4.75820474560083,11.9930958271229,22.9453012149733,10.2503081903831,37.0214987883493,247.515434158158,0.272318321182245,92.965395301312,11.9418679555669,123.452846493591
"130",45.8239521000998,19.2476463393744,16.2090519991243,24.1361626240502,7.20962235700853,17.1814799515645,281.549948882355,0.0877773647316648,214.571418048411,12.5126100590576,242.384533076454
"131",34.4721497809555,5.58522028500223,13.0788065598184,26.6561774306558,9.84773058559649,31.5517917114175,331.523087827015,0.271062023339078,386.229011763253,14.862229268556,203.996678587953
"132",40.4743778915784,9.87463226733873,14.4923073307123,28.4524566117869,7.13760305779972,22.8423259129823,365.407562030727,0.209353389594619,318.11768621843,14.1598020538815,75.0058896864609
"133",46.901949621943,20.252696949922,17.4651470097205,27.26634517822,7.15922253495432,16.348660373237,380.750318557934,0.125902842191128,208.845508132804,11.7098043568284,17.5370482770939
"134",42.8266634195417,24.8479427364528,19.1367633400214,28.1378778785894,6.5521099146061,11.4218401124344,408.928962106729,0.0979809705911805,123.753653843681,16.9630376910921,70.5278384883378
"135",37.9589665046911,8.0430642299761,13.6882886384823,32.497736868311,14.2695382376984,27.3876357781763,417.399668580806,0.375815971504954,103.503371004578,22.771051370144,208.57899450504
"136",39.0184826833074,10.0025047311389,14.1003572119776,30.6502403685316,10.5457450327867,22.0372681041088,441.14897308764,0.306237274044602,187.224756364412,14.8708222178461,356.762217751856
"137",43.4156242117993,16.7058695801025,17.1273294760382,29.5004193300669,8.59649852057946,13.5519033898002,462.086862927722,0.160235785534609,175.974606779657,12.6591790322546,365.179176125814
"138",38.7106111647001,10.9909945643683,15.6407148394791,30.4116919128421,8.79699581916868,16.5899260234203,475.941341114617,0.219217464842933,71.3514720499847,11.0492348729673,225.403144894542
"139",45.0872740710103,24.3855219428647,20.1904360115862,25.5360025166749,13.0594979707195,16.7669060732319,472.776771411587,0.09966935528686,38.1589187548038,11.3627719023428,94.4006178470662
"140",35.5320898924307,9.23689917092771,15.304552690048,29.6497406177846,9.61481158715299,18.7113068493652,465.815874649969,0.238589920801456,33.0219136035603,10.0765555969448,34.9967321699267
"141",NA,NA,NA,NA,NA,NA,NA,NA,NA,NA,NA
"142",NA,NA,NA,NA,NA,NA,NA,NA,NA,NA,NA
"143",NA,NA,NA,NA,NA,NA,NA,NA,NA,NA,NA
"144",NA,NA,NA,NA,NA,NA,NA,NA,NA,NA,NA
"145",NA,NA,NA,NA,NA,NA,NA,NA,NA,NA,NA
"146",50.8622349839088,25.19294320315,16.7522425739623,22.3560360925469,3.526715007928,10.7115302882429,259.716302198303,0.099189834853466,58.0626877592713,10.5110267894318,138.981881393695
"147",36.3775127235235,11.5640098186161,16.1825236385984,23.3104983405417,7.73201902144574,25.640601967751,253.260527792607,0.153009136441,36.8525788408366,10.3582523761966,115.246869183894
"148",36.5809195639531,8.56418267463832,16.442835768133,24.7001682841483,8.17599140666741,23.8142432107257,270.692043403338,0.150821522075741,99.8011638915175,14.597485695177,114.478681590938
"149",35.4830626642282,6.52323277369044,13.8212421791362,27.8856498580349,7.04747397726378,23.0416607409924,281.170981322022,0.218276676151293,206.697023662938,20.5075571503735,184.838930153115
"150",35.3993940296354,6.67012166898288,12.7854835606712,24.3483188194701,11.8466775019035,35.5906749839751,297.041485251146,0.274595392240327,301.909503085118,18.9908320752325,293.037022191647
"151",32.1886053205421,10.7761012504691,15.7104770727734,28.9802201581899,11.1171637013392,25.1516082571468,361.676399997862,0.227446843644094,286.731217741854,16.0774903280363,282.762044485633
"152",35.5847305590704,5.22912059640111,12.0201224462913,29.9644521890548,11.7033480819042,30.5443449758855,366.071233589969,0.353994265114054,219.361579399564,16.1500269366454,180.424037709336
"153",42.6471602156953,12.2898772665434,14.8207575584895,29.4436868420739,7.61631787010271,20.4981563136493,404.504475403953,0.197158124734946,116.44543041632,15.6704556111026,108.371424230708
"154",44.3593479371036,23.4397654389615,18.6922265517922,28.3801732932162,7.64082306234238,15.1536719744319,437.590636829756,0.120014797164117,33.9318596207661,16.2840791064926,137.997902638201
"155",41.0988864936262,16.0996135010191,16.8588666260875,29.9770208915168,9.03561857754081,15.2805895665158,460.961211671192,0.193702519801924,33.4355169320887,17.509304548842,245.989962878605
"156",34.8860382552102,5.92608302333024,13.2201336657801,31.7512583793546,10.2756808611825,25.4476034185362,450.096712289781,0.316574661368512,107.662070602025,20.6597412181237,370.915307984571
"157",38.5424177014563,13.278749313361,15.8816628340991,30.2987050185569,12.5668668706446,17.9561153228794,492.76007336227,0.206933069581141,128.609576835906,13.5417405656522,355.838966948988
"158",35.8718649631786,9.77549129517433,15.2391483865058,30.7318267060032,9.72606198580348,19.6955475897186,501.823623459534,0.252810068160489,35.0657838100884,9.20113168577394,227.061551452734
"159",44.901386710027,23.8672005588279,20.4802330533633,26.8157603128247,13.6530380176774,18.5383383940006,498.120250985863,0.135823248456941,98.6165393948892,10.3916997583711,84.9037461746866
"160",37.4993356417165,14.8292662506297,16.2763750807954,30.5120925665399,13.2690354604639,22.7038427513953,488.474538301449,0.237771431995897,118.479502569617,10.964735959623,30.8835566167959
"161",NA,NA,NA,NA,NA,NA,NA,NA,NA,NA,NA
"162",NA,NA,NA,NA,NA,NA,NA,NA,NA,NA,NA
"163",NA,NA,NA,NA,NA,NA,NA,NA,NA,NA,NA
"164",NA,NA,NA,NA,NA,NA,NA,NA,NA,NA,NA
"165",NA,NA,NA,NA,NA,NA,NA,NA,NA,NA,NA
"166",42.5009230943884,13.204039937861,13.7285778529286,23.3318342421946,7.43810549557309,17.7402514371908,272.192182591106,0.146419334830418,25.3733703716674,11.50003836918,228.650622903169
"167",42.5925799057368,16.8945800324516,15.4704191136813,22.4863415561575,6.64995130930575,15.0211940188666,286.706979515169,0.0989505686138613,33.5441193254265,17.0307065551463,255.26696934658
"168",42.5123491230378,17.4972632752975,15.3330588712273,25.8155440927513,8.02133037456237,18.1231465884602,306.497034292451,0.113034855548714,148.781239417628,19.8383221861814,259.282799928281
"169",44.177745620341,21.6225321848831,16.7816527864811,24.9217315171613,6.89302025395071,13.2351232934572,333.605494576126,0.0861969598542022,282.819534423993,18.3273847190549,298.921907374662
"170",40.6018573192338,12.5315297323631,13.9759594623948,28.1756799229523,9.17873698953906,23.873964260555,339.89889956078,0.162962054638521,323.093144230583,20.2418491145793,367.79568877721
"171",34.1932473568269,5.35462162846168,15.3278391984734,29.5251544104714,7.21459709130716,21.9728333355133,388.486170560483,0.221780817129299,148.630850795092,6.13868455959813,372.453342944117
"172",37.6264624071245,10.1208964153534,15.6784743087025,28.985212510645,7.90899661695327,18.1806730546019,388.55972965544,0.217907528033864,93.1371200385728,15.2600498194121,291.431498777171
"173",37.9916130610593,10.3016934544217,13.8687066962233,27.0742259891063,9.3679256252348,21.5442650767689,410.844065249238,0.240332355917187,41.540695548163,20.8868193723501,244.335291697108
"174",38.493986695185,9.62750264620609,14.0090381111757,29.9704887053266,8.84984592281901,22.0854215078136,429.864641629477,0.243607403539851,53.0236895347983,19.9056094516304,267.710680520865
"175",37.176329155247,8.07275249902584,14.3978351051099,30.0198462695841,10.257665247193,21.3228001392541,460.728568882855,0.246685768036355,48.6579548763693,15.6867585888674,340.4916155068
"176",35.1873098372067,10.3399532120616,15.3878099209013,29.6614074521313,9.5913043006694,19.3159444017409,481.66046414707,0.231360863577555,32.6455068853191,14.3157900193519,334.775869304694
"177",34.9240177124263,5.09778938914937,12.1936511198482,32.3850235032583,13.542305860099,26.1147481682709,496.249991532074,0.393338325338893,69.939311334202,16.4827432597136,242.368394124554
"178",36.5131271682063,11.9796342793644,15.7036396633558,30.226137406451,11.7671187902114,20.4293994753957,516.318807068063,0.244884339163609,42.2708644715601,8.92605902597248,208.070175720299
"179",40.9435623443755,19.2445526424426,18.873579030307,27.7101420352948,13.885897047422,15.2218730913568,522.460791736552,0.176246675046956,69.219950226527,9.96130249744552,175.599312964261
"180",42.6630743200159,16.1900045112285,17.8249874393395,27.1897121259758,10.3656984207516,9.27461399585884,523.11922888618,0.161136413747647,80.4199503828114,17.8574437048245,85.1556723303143
"181",NA,NA,NA,NA,NA,NA,NA,NA,NA,NA,NA
"182",NA,NA,NA,NA,NA,NA,NA,NA,NA,NA,NA
"183",NA,NA,NA,NA,NA,NA,NA,NA,NA,NA,NA
"184",NA,NA,NA,NA,NA,NA,NA,NA,NA,NA,NA
"185",40.2720137709971,8.77864417729599,13.3276739506573,26.0483001616655,8.17752188169339,26.5212403707463,279.344514940892,0.126904682582161,71.5584988997223,10.9547024681501,361.865980615529
"186",40.7207506508483,10.2283756352465,13.4691562816351,23.8335588946058,6.34565325114173,19.349176924595,284.921380940522,0.132056424514513,28.9955438524594,9.05624698651329,349.925694424073
"187",40.8137366511112,13.7165413541771,13.9458507388706,26.3661590090331,9.60542608192649,23.5765411176453,315.171091024934,0.151279195763795,35.867787673324,13.8556209048158,397.955531341669
"188",45.7367358736922,23.4780534795312,17.4731210972077,27.6664184368895,10.1937662171128,10.1766062353956,355.927277596229,0.0588109305267264,131.834170836324,18.2421476809249,407.635582475383
"189",44.7987701477958,24.2510429162354,18.1472139093839,25.3319011496455,9.91301994264172,7.35060858276153,380.074620704161,0.0771510992101593,234.996289580354,15.4545631465445,428.015782653369
"190",40.5469190272853,15.6366424688229,17.434953545405,27.8122804453809,10.316333392615,14.8324514186877,384.796233426497,0.139760191203076,200.1846129024,14.1907970558313,456.079375669452
"191",40.8381982846353,14.5340645781993,16.8880359808861,25.6757172029123,9.88686439322489,18.9511940838851,393.303735251632,0.1537008996515,35.4399078425942,4.66553796546409,301.284577594211
"192",43.994312104129,19.2921493647806,18.3860615895278,25.9483121845393,10.6500666914269,14.7861906275021,408.389653581095,0.106539350686188,36.4083032626346,7.52318420375958,218.48642860058
"193",45.2429260379926,19.8090477423924,15.561425373616,27.3421190643207,7.74288055499643,16.6759206452099,438.667252687074,0.124760467605078,85.5587174327727,13.2178234446449,187.140212943775
"194",40.8340841790742,13.4011653423048,14.9238489514363,31.9371608118548,9.58319877979244,18.2302200411062,466.424026875259,0.196962590675398,143.818538050561,13.7390698508596,234.754709677815
"195",33.731697380835,7.85865461842288,12.9170935847119,33.6019605568341,15.3185998449451,28.447009713909,476.078433145745,0.387590383456284,79.7213641573365,16.0262057880296,334.62451166106
"196",33.719922508943,9.90645633770504,14.7074088859939,34.2275317985977,16.110636552034,24.3654240673395,493.405131678824,0.362761465136054,76.189154233789,7.52681186936546,270.968361482093
"197",33.1848526284482,9.27768306417976,15.6194496919782,29.7032455548607,9.55558259028537,16.973472869856,510.329383622579,0.245240622976559,28.281392244606,11.9787505145558,133.398307701873
"198",35.1275565558065,11.7073011310829,16.8625767803125,34.2657661280392,15.2498289405106,21.2531887772083,523.170986074378,0.309534019727837,77.9205808780519,15.2935822367998,82.1995821976239
"199",38.9714201238574,19.6678718851104,19.6939835304076,26.7623062513514,14.6135881493926,14.4472238002399,543.589332529865,0.165599231126817,42.3504173818896,13.1911417466414,150.813237332159
"200",41.0280505625809,17.4400742604352,17.619049310922,26.7423200542165,14.3755658966037,13.7418056766208,561.806579877741,0.201627716948964,19.6054460629757,9.44493736846599,62.0186508295982
"201",NA,NA,NA,NA,NA,NA,NA,NA,NA,NA,NA
"202",NA,NA,NA,NA,NA,NA,NA,NA,NA,NA,NA
"203",NA,NA,NA,NA,NA,NA,NA,NA,NA,NA,NA
"204",NA,NA,NA,NA,NA,NA,NA,NA,NA,NA,NA
"205",33.6586270382976,6.13932199343284,12.997227989538,23.9225736266212,10.9478218764985,29.6384533124048,267.951086526431,0.259545559201424,50.5649152297567,14.825216298433,437.190296630656
"206",37.2244564136281,12.6277322847721,16.2736831639365,25.0579633692071,11.5124609596018,27.1616021201768,276.554080676069,0.201926598370356,52.1177862511961,15.1293058265602,490.964137007686
"207",39.8762178481135,14.2461732818315,14.9325011762846,26.5585274471619,13.5365838107555,25.0280762959799,306.38233400405,0.209355179860609,75.1780321397591,17.2383774926738,496.37414695437
"208",38.5160698120368,13.1827568755984,14.6909306138121,27.5797283352998,11.5238564497324,30.0131300427558,351.991477232209,0.226084120540277,43.1768883630203,15.7781776314706,430.09658319667
"209",39.9228857210526,12.1733081035891,16.1175206417326,28.0980163475479,9.79576569553039,20.2307084835603,386.93469855644,0.162764202446058,126.006377082217,11.5951316158679,376.661786407262
"210",35.6117545442982,7.98167935606879,15.1200025100945,31.0555533144262,9.77424155792785,22.9562125763518,392.591225623911,0.280504507097848,87.1946357061476,8.3052220310561,369.895810017357
"211",43.535669919331,13.491336217299,15.3988664141283,24.6188703227339,8.2355587829592,17.3855380718222,403.291007321068,0.118738170868675,116.855789965086,12.106865157351,207.257810069453
"212",39.6414974711129,10.8142638849908,15.2534698655283,25.4559304861788,11.3087873330599,21.6520984948289,428.618682640797,0.190994501342071,149.283100791664,19.7523626785121,92.2453130871047
"213",36.4885049683633,7.81043843901977,13.6848134126644,28.7664641487715,11.7948921089174,30.5096897654165,450.786431023519,0.307995045549275,211.545267827696,19.1021007348422,50.0899064512999
"214",36.1186433018994,6.84954632460879,13.1229896844521,30.4247243185528,10.5955910602197,28.0413433887195,475.05152316414,0.320628705919271,248.562667683631,17.0104784795757,138.963088653383
"215",35.5029506479242,11.0430643737139,15.6376712319345,32.1843861492901,12.6856241384871,23.067835857919,496.144312103202,0.278810252257297,206.577914351499,8.98361104478212,276.314974508512
"216",34.6884615028167,11.673315922207,17.11686464216,33.1626692119963,14.9107319709444,20.5551758000741,514.974424551532,0.268260610885961,133.052146114273,13.9593282477981,259.061396043618
"217",33.8912769930113,8.53474029512937,15.1662495817517,30.9443441524019,14.016300710282,21.3535695830833,527.152008969585,0.292726434494131,34.3478515203557,13.7760270551134,135.531760445721
"218",35.7961253809588,8.12785213961026,15.419334335346,32.7932601281527,11.7213202489545,21.7717200747261,549.593950448124,0.27164999756444,56.6569665814449,12.7291380198621,61.7579805656591
"219",38.0002845639817,12.9535814531518,16.4841308349019,29.586615671389,12.7761431983535,16.1942065657828,556.705392604913,0.269638873348999,36.3183757526017,9.50330496862634,118.165435475191
"220",39.443130993896,20.1611259749433,19.7541459289781,24.5283851082846,18.011779572432,19.2184532365497,573.317684655929,0.165161398866001,77.5412471342024,4.98685014762088,101.421295963247
"221",NA,NA,NA,NA,NA,NA,NA,NA,NA,NA,NA
"222",NA,NA,NA,NA,NA,NA,NA,NA,NA,NA,NA
"223",NA,NA,NA,NA,NA,NA,NA,NA,NA,NA,NA
"224",46.5243052840264,27.4254844873074,21.3393582877854,26.0540727843861,6.06101679920018,9.11998569324463,293.241745403782,0.0882126202634918,19.3029053688839,10.4287437891624,526.072720844905
"225",43.0568077044612,18.0291016359382,17.336883246083,20.2455279436406,6.53936211173428,12.4882046284817,297.388709682563,0.12547989090957,43.1480581694621,13.2873455793245,540.858008781464
"226",42.9660856019729,18.7174775314482,17.8793614820394,21.9837114976002,8.1246355274041,12.4405895144339,312.448192106661,0.107709222971966,114.107364394503,16.3545395940478,555.32424858764
"227",37.9474427090949,10.4005875272841,14.6225756972483,27.998560514731,11.5307689629741,26.5580599606048,329.824062426509,0.200268589161599,96.3668640736476,18.9081328082149,433.587331551824
"228",37.8459242732158,7.82940549068907,14.8131763626592,28.9853222128994,9.392815023184,24.9141778673518,357.778215325295,0.201399223791292,31.0228034128974,13.1755536693889,313.764188008922
"229",38.6631242491994,11.2231238209249,14.7140532139635,28.9877114022076,9.42951798823524,25.3298176787609,372.583018483806,0.228265725251409,48.5507987443723,12.556662021181,233.129491028634
"230",40.9046304833313,14.5653746672354,16.9519193929373,26.5732008050994,8.44998268174869,18.7765400941019,388.695672544432,0.164540831272574,41.7611358536668,9.20806994739003,230.006170453129
"231",35.6228171481012,9.33088119410956,14.9242745795593,28.4179216288951,10.3404220827686,21.5811458179402,435.426231798998,0.215958752146261,183.734408618283,18.0531181408919,135.824817821333
"232",35.8875385557016,6.29561943240869,12.9033288743925,28.5261776977943,12.1743196879346,35.1276749982602,458.416092182092,0.303360681753559,199.45469640591,10.3748345072873,27.0312221316553
"233",35.11301821077,6.00702130871659,12.6259180042007,30.303551261331,15.352836465085,33.6839652829723,475.432681395289,0.381435045618166,209.083767030171,15.6936796994893,43.2453012654752
"234",40.8161836397528,20.9871704606133,19.7149410929756,28.0127826665477,11.0962794591943,16.2919534521394,508.281078963992,0.200053783009958,173.59216595986,20.9140276872329,155.142999415394
"235",33.8677513908378,17.8704503940319,18.6024832014974,31.3366066376227,17.0690473134082,21.8372543810135,512.240439199922,0.331139875099574,143.528643841929,21.9832878409229,249.261114228886
"236",36.1943661827701,16.7075925397735,18.7398442285964,32.7271460448523,14.3290445068313,20.3620147047206,539.891848494777,0.273837224136409,161.508001746214,14.1206597569571,167.898911666029
"237",34.4968984568216,12.674363562432,17.3426836552471,35.3087099861278,16.2975062834327,22.3017333859251,543.70222815276,0.355628270784711,96.819433184347,12.7514338077274,133.809500252714
"238",34.1245464970487,13.1460562724804,18.2041574034027,35.6158204417848,16.955844114048,21.7787340032685,556.325911089956,0.306654230056352,55.0739339087505,8.80416072511195,74.2263197649765
"239",35.1431894146364,15.2849304773567,18.1487277410456,34.0403875226448,15.5328825883449,19.4186233620455,565.513466771095,0.315970849963263,49.1876986977281,8.158033223918,101.774745461863
"240",34.5033348331102,11.7730077838272,16.7835155032016,33.1982196746479,16.8098412314777,20.7994278093488,584.360522240894,0.324052224605271,169.183688347977,11.9014367018065,208.990528939279
"241",NA,NA,NA,NA,NA,NA,NA,NA,NA,NA,NA
"242",NA,NA,NA,NA,NA,NA,NA,NA,NA,NA,NA
"243",NA,NA,NA,NA,NA,NA,NA,NA,NA,NA,NA
"244",48.5022735153242,23.559674224724,20.8132452432345,25.3212754461001,6.49382731428616,8.58387585158227,307.518145187134,0.126431387377772,25.978983456327,12.3639546246841,639.854054315885
"245",45.2982111439493,21.1969169541259,19.5789798469575,22.7588695166635,6.65504348243619,7.96648078132125,326.839308660922,0.0872346210051178,94.1406885661112,13.727828202425,645.543134105688
"246",39.0595887641174,11.150971111156,14.8452263288546,23.016576317477,8.50848395255663,19.2834188526401,344.148971612629,0.177649705458555,103.681605156063,16.1778876017843,529.360870343381
"247",37.2082376135845,7.42457337656978,14.7656422110996,29.6450733531387,8.64369785601994,22.7981763568139,366.379114713291,0.212256605649548,74.3294832413957,14.5085157511879,381.155339529535
"248",40.6772195007153,9.9432122047544,15.8121938987117,28.9927384523884,7.24255351131026,16.7261707688424,382.454918137547,0.186943963815141,21.2215938918019,9.7922432516795,236.117841676107
"249",42.5733507887755,14.0386547081981,15.2626699703569,28.825137368664,8.4860368617963,20.0125095083639,401.530155251797,0.186632496958948,28.3866684482152,12.1761478506152,107.989028659271
"250",41.3235245674226,23.0305718673754,19.806991737335,27.4253472266136,11.8350966894719,14.624304643557,416.263510495134,0.158608348427421,78.4800995606771,14.4651597568101,101.052033657362
"251",41.9337280380206,14.3751218329711,16.9619112509557,26.9223953865574,9.17966221995024,21.1846603621415,469.191157901795,0.208198756782742,74.4645897476068,8.35200857136126,59.4123788182401
"252",41.850465297652,12.9116427651841,17.6215215214374,28.6624326466515,12.1824047999963,18.982296086552,474.733484355311,0.240787924235833,65.0481482115298,14.4552860888944,20.7861307514818
"253",39.0470792598571,6.90719123927256,15.0390943337152,34.4913607083935,10.1486727854673,21.6594063258837,506.318206073803,0.294866650110377,75.3369081374971,20.8870168050792,95.8050135369154
"254",42.1615545190451,20.758349314453,20.7408976096881,27.1812958351314,11.0626873777939,12.2399878098688,552.520608345011,0.155585971843725,45.4940232854963,20.1501812309905,231.774396733158
"255",38.4535064612919,23.255888423118,22.1933059736935,23.6933290180743,9.27529632599981,8.9187734870577,572.67820899603,0.128711214000858,27.8058747974056,21.9126525567025,236.532097000017
"256",38.0179450361276,21.9995103261431,20.5933220106599,29.2585271834015,16.689110476329,18.2482830566861,565.580686605987,0.28400144510068,101.832880580186,13.9617619690286,91.188844416266
"257",36.9309970840024,22.8711336090794,20.4329900662135,30.314121793835,16.4438364060069,18.8313287144317,567.429650735789,0.296078994410638,124.043228056003,12.7121748180398,45.5451921173484
"258",35.4443778654305,14.6731657953195,18.2605810719466,34.1871344707393,17.8090010900125,21.0742777443338,575.118143799469,0.378724755436198,42.1264375992046,15.3453580050893,159.265016821834
"259",39.366612241724,17.0709085821032,18.7944699026872,28.3279064968879,11.9369853617574,10.6641821155266,592.504987920951,0.195399095856168,54.341549679809,15.6074912277723,208.731653299169
"260",32.702572845415,6.26164091039515,13.5943532164953,34.258496194509,14.8999120202491,23.8524022400751,604.521417180698,0.369553105840663,175.70614397198,13.0728695884421,297.028665783645
"261",NA,NA,NA,NA,NA,NA,NA,NA,NA,NA,NA
"262",NA,NA,NA,NA,NA,NA,NA,NA,NA,NA,NA
"263",43.5089647807104,21.8500232233089,16.4859991848562,28.5095561558491,10.3426212943526,20.9559403494845,304.407927047327,0.159003315413948,80.8371648521597,13.3511540699722,786.159664241895
"264",43.4924726887416,22.6420203694504,19.9456229649841,26.6474925859048,12.1773323905849,16.126223963603,317.201386235466,0.136426050444762,40.9278525269518,10.7162462848238,767.650109391572
"265",40.5239429315954,12.2535171477718,15.9797120602855,26.2444741589171,11.9874158848917,23.4842835120562,348.656242964002,0.20242189845742,38.4835530588898,16.2471106337724,678.699821819871
"266",39.4461962190592,6.61741562183337,13.7966823106584,22.6229229453926,5.97637442574793,22.8576660586216,370.222656427408,0.188251732344759,39.9250834897212,11.9977955803953,529.771021659769
"267",45.049951832868,8.18687902880222,14.2369672283597,23.9661929402221,4.23017521916293,14.7226783391988,388.953678648743,0.173774193122837,26.9073976407193,13.5097408648345,381.773009742369
"268",36.0154711695459,6.19135477627089,14.5973804797631,33.3003066779113,8.9913071120298,23.1682000732792,400.401778413023,0.261167040210118,63.0388821726251,15.2119475729464,237.188115320833
"269",33.5654259674587,5.36608757389002,13.0717413854196,33.3891477463278,8.93126516150184,27.043795706876,418.2981184742,0.304828596253175,28.5021151911566,10.810890829196,108.339806757774
"270",35.5636956292082,10.9040506199603,15.4707913775184,32.8936965348808,14.6949571197584,25.1564832658513,448.378882655828,0.348005661200923,60.9573589764307,19.267709889377,96.6992036416347
"271",39.8711953740993,13.8673618019717,16.5529190945987,29.3946370703694,11.1506143088191,17.5570533432264,487.957672859074,0.252835925794121,47.2486873744896,16.6209926688681,102.897423512053
"272",43.8686674126468,19.324887309627,18.732450692235,29.3978729722309,7.27041761426652,14.0918287274007,512.386926073865,0.169552964914587,46.62911662431,14.1213949833052,111.472464407945
"273",43.3323909307928,15.2303198260248,17.9281347298965,30.1977013782733,7.38081742225249,16.210822221541,542.765536491008,0.170911761934832,48.1170633125101,14.6513534042635,193.562013545917
"274",34.7443118221887,15.893137659419,17.580552128714,29.7032152587591,14.2440333897292,22.1043961066632,583.739608500674,0.279913573304592,68.138056828021,24.2822423288446,295.390731709771
"275",42.5061707354253,22.6850622795111,21.6155858582789,24.2427897514343,7.83547227646375,7.90930541049283,618.139178925374,0.0921138100063461,60.2398175556696,15.0452287759035,259.187411970811
"276",37.9710978589321,20.170539123442,20.2220657405585,28.4978441860175,13.1927375814854,15.5231867100256,593.005444760731,0.269117880226654,67.6927881322715,16.1076640264801,135.391394359038
"277",38.1930649540596,23.5261803328713,20.5328258133928,26.7690273097547,11.9212337420801,13.4524855026194,599.545935009408,0.206851835297573,45.8541404146362,12.524232018112,106.255573824377
"278",33.4121658426547,11.1905489527395,16.0863384467592,32.4999846371339,15.9531847374807,23.5135248717168,610.190506990485,0.306815533603452,59.1232428448835,13.4987396780451,206.769939135445
"279",35.730034083562,11.6146754444039,17.0299165650926,32.5493049458094,14.4883314436984,16.6595037435652,633.228241591289,0.285910406738102,153.366139056304,14.4871448864759,328.900108153525
"280",33.3283255286781,8.40210316130985,15.3949684829626,30.96165539205,9.99821698475442,15.9802199890269,637.536599568329,0.246889537594757,251.469266765677,19.7570609317531,411.719225378802
"281",NA,NA,NA,NA,NA,NA,NA,NA,NA,NA,NA
"282",NA,NA,NA,NA,NA,NA,NA,NA,NA,NA,NA
"283",36.4462017586092,7.68685640080616,13.2786177833417,27.0349806120513,13.0425940306077,39.090778275397,276.757439585505,0.273538683657744,163.7959710879,23.1402278461068,881.543183704126
"284",31.9633406002405,4.00578447249363,11.8522744415387,27.240003473336,13.7547924120721,42.427525503551,297.559510176927,0.336813728393612,141.919707341005,19.4431954246998,817.097045983603
"285",32.4965673966851,2.43220206962014,11.2381301875098,27.3702945430908,10.586165128698,36.2916809900911,337.579105966627,0.312529682251429,127.48137267157,18.7909945592405,672.305315344129
"286",40.7656867866783,7.4298963197207,13.5751783068457,23.5960103123867,4.9576980551632,17.1678249091207,377.318011164872,0.210839519943281,59.1951583016393,10.3642888959654,547.948809459151
"287",44.1096866435983,7.98184701948321,13.4580470623252,24.9144234198598,4.20181227295336,15.5430156283286,402.984649475696,0.226942759112359,45.0349064727002,11.4479737612033,426.347364602551
"288",37.5216232222816,6.94270356057199,14.0303051509587,30.4090731126349,11.3577336908577,24.3818304180516,425.198172829765,0.313158220025749,89.47594284552,15.0732336729906,314.494718650278
"289",32.9736666545619,10.691260549708,15.7512576780607,34.0722959316194,21.8862351221938,26.3370902868854,446.81302976049,0.3832580044419,26.8598409600829,15.9478931819552,230.672131044241
"290",33.5175723121929,7.86646019239424,14.7365353379106,33.8041293711596,17.9212873387789,25.4152282872197,460.175274718046,0.380336774469127,27.210380542435,17.8719177032941,193.306649298726
"291",35.3803430776357,17.1611335518476,19.5875226397062,34.30357319629,22.8542673771039,21.6702741049592,510.035801190881,0.388551650130131,57.0480926853448,18.7936094347028,240.583526701814
"292",36.3672205383138,19.1532751447804,20.2326554722781,32.5510111273112,18.2587269630244,18.885740123039,536.652517199334,0.334746659708749,93.4340728456956,17.8256761245832,242.952158545585
"293",36.3672205383138,19.1532751447804,20.2326554722781,32.5510111273112,18.2587269630244,18.885740123039,536.652517199334,0.334746659708749,93.4340728456956,17.8256761245832,242.952158545585
"294",39.7622683945463,20.9735423918023,20.9473902806401,29.1246978897397,14.6961326542681,18.5792506855012,567.615357040232,0.209310053727446,150.52487037546,17.4942261268957,317.065672123102
"295",36.0552794803284,22.2148776428175,20.733065688261,29.6101596526129,16.0458440070675,19.457040849221,624.404752552189,0.279990316215242,160.489529779793,24.5295724640217,395.100841679996
"296",40.5815149765771,24.0675842792176,22.0733912157511,26.7902546839095,11.1849613819074,12.9975053177916,637.195610983141,0.13582263964754,58.6449356748164,11.0935913294464,344.304638209457
"297",38.1974065057095,29.6186428079928,21.81218266047,28.4654663394114,15.3683878306958,18.2159867216266,620.309065840822,0.303215106407102,32.4630292644289,10.0012425022104,260.264862864059
"298",37.0707297809366,25.367944462485,21.9450042881583,26.1443042806292,12.9839790903058,13.5717886606386,627.234127833114,0.213136461485302,47.8508026616614,11.1922851656135,246.508979591498
"299",34.598225412667,14.2520201509076,17.2394402963072,30.8060153677951,15.8451849277247,19.1727582512246,637.482863774158,0.295360248890205,131.843348049781,12.499008524096,307.437955279084
"300",33.765346532245,20.5316048204038,19.240229628656,32.068565450814,20.2096434067162,20.3188968899341,663.678552366708,0.360548778440453,256.415391512356,14.9838575900284,412.850662641287
"301",NA,NA,NA,NA,NA,NA,NA,NA,NA,NA,NA
"302",NA,NA,NA,NA,NA,NA,NA,NA,NA,NA,NA
"303",NA,NA,NA,NA,NA,NA,NA,NA,NA,NA,NA
"304",NA,NA,NA,NA,NA,NA,NA,NA,NA,NA,NA
"305",NA,NA,NA,NA,NA,NA,NA,NA,NA,NA,NA
"306",33.3861914727521,5.2335289246252,12.7431660545411,29.5580874719819,12.1073289243809,30.5231440990501,356.771819485589,0.289259674228907,85.6258223777555,19.1583814887024,589.98599568549
"307",32.7183665742664,5.55225010412086,12.9430305531512,30.5298051555258,11.4242914410569,29.0235163070596,391.114611126936,0.342958765615212,40.6018811582841,12.3573783133758,470.955813561966
"308",31.4160444444311,8.43341926710124,14.3112361347089,33.7790305104313,17.6465437910966,29.8873848670488,422.191585721424,0.377233547799594,131.876273296408,12.2285947901821,358.314042517353
"309",36.872156894014,11.9194829177314,16.7851989471955,31.0776947029359,14.5730581223637,20.8973515236239,454.384102178294,0.329604693298011,78.7785875335091,12.9681678837232,283.441942127835
"310",33.7546650506401,8.48571051898224,14.5729214443546,33.142367603365,18.9941234374859,26.6088261963926,471.285598835601,0.379426103533955,38.7122180482728,13.102134353607,271.767092720569
"311",32.1336670901616,11.8772778192925,15.9603009182877,36.1488505684588,27.4348787978923,24.8340880464311,507.011114129219,0.459078414445703,116.598225995086,14.7426697179568,239.082567109172
"312",32.3872403319841,25.374064048418,21.4266081617629,31.3818644259646,22.3040878536133,21.3134607760871,538.804907649887,0.374662298927366,67.3249231732786,19.0870391236524,348.236999230383
"313",31.2384998288524,27.7698027488016,23.8682076168702,27.47475622016,17.0883524525407,18.360807013819,580.904135125257,0.297942955930718,61.838136296969,24.1984867909981,386.513910769732
"314",33.601277968337,25.3251668192613,21.9769480625718,30.7598330345845,19.5566007561344,21.3704790187629,604.901862111571,0.368788456019526,160.775619134751,26.9094270577303,440.59008987275
"315",38.73714738749,27.738635464574,22.393706024209,26.546339501609,14.3882819463826,15.3332956128301,650.576760058435,0.204809753163168,164.045417972099,18.3593043359698,513.900119219332
"316",38.151823530555,26.9838881099634,23.5653575831618,26.3161711459193,12.5554336866891,12.4836551200604,645.804283589914,0.205892157903582,38.5043886190397,12.9191715736729,461.229284359865
"317",35.8775551888178,29.9554362676922,22.0828823384699,27.6964443826893,15.1918180646786,17.4214356920305,645.54627422082,0.307037248805913,36.1794796795171,13.7273751148697,401.849750204016
"318",34.5684434266639,26.9894174815975,22.2793959791551,26.6876745726627,14.1676057710441,16.1728210964906,655.835278423915,0.249331971522471,140.84542481676,13.9932371980659,393.05135055173
"319",34.510453697299,17.9271498676081,18.5181984078203,32.3810164448431,18.3874200807947,23.7019057320662,667.478416735535,0.341840477005104,233.373787441334,14.2300814314819,436.238350486237
"320",34.785261590279,22.6335771567829,19.3362650735983,30.7541764819582,17.2748784216011,22.5435941586075,700.182943946108,0.330570325441612,336.622779440956,15.2302465122993,516.808361805408
"321",NA,NA,NA,NA,NA,NA,NA,NA,NA,NA,NA
"322",NA,NA,NA,NA,NA,NA,NA,NA,NA,NA,NA
"323",NA,NA,NA,NA,NA,NA,NA,NA,NA,NA,NA
"324",NA,NA,NA,NA,NA,NA,NA,NA,NA,NA,NA
"325",NA,NA,NA,NA,NA,NA,NA,NA,NA,NA,NA
"326",35.0836820508367,11.9363304946838,15.4887450617873,33.7556640627079,18.9042282111636,23.6200703554497,383.38192269494,0.319783106719046,36.7850415033652,15.2850171862577,534.113770522201
"327",30.7566959290043,13.389917355227,16.8525783472428,34.4032357526054,21.6842443134284,25.6781750438369,416.275737160142,0.389045554023032,33.1940237123588,14.0103008968103,405.245738701918
"328",30.8242715235804,16.2141959905944,18.4444801655486,33.4526813998222,23.0775052496823,23.8349701071779,441.054870521882,0.363156353798778,85.2082420842065,11.8651220905019,266.115540106796
"329",31.1937793157225,10.3758209673593,15.6790387804639,33.6382556150878,21.2751765680139,24.0341926715261,464.448198327058,0.396157639398147,77.4756222206582,8.90627401432138,151.075363911655
"330",35.9818119844106,8.14962547345918,13.5687057927688,33.7363008232804,14.0305260568436,25.7338129559657,483.184733284174,0.344496631565119,63.5049308372088,9.18925629639484,137.676782043525
"331",32.4903823026339,16.58125961008,17.4959900247877,32.842481786677,20.7457862178185,24.142117328081,535.028959445018,0.382161960088322,193.475107544428,16.4986972267979,199.286567815809
"332",31.4051381083174,27.0474461834665,22.9548073931507,28.9725708085426,18.7899629083597,20.8844361042753,578.844655412351,0.305413916332467,211.385392879378,25.5839901065598,349.263458443246
"333",32.224120290573,30.6897193988859,21.9819020273922,29.7186851160333,23.2138893807832,23.3041073086461,617.027303262234,0.374570357234992,199.478610943087,19.8591199761023,489.526451957534
"334",32.8636975892341,30.2656022328605,22.0775261159136,28.7717743523465,19.4722817906714,20.0060782043682,664.054997085447,0.3536766095685,247.91432361567,19.2407319377306,572.992329023125
"335",32.8320433038747,25.4440149474666,23.5227599261022,22.8492635088513,12.0617641755235,11.709617301813,690.738493484851,0.194425176977135,218.410340116115,20.549252290255,631.081491023608
"336",31.3043342024878,24.5074624107889,24.3869989627854,21.0012621753959,12.003446104515,11.2931772692159,682.466346716397,0.167243046171959,133.265456122069,19.1784439020455,588.463136019392
"337",32.2345578064287,27.8392689737097,23.0928111286391,25.9581996207985,15.7556599002637,16.1697587660232,684.260089662604,0.259087112087424,127.774714215081,16.9026544077335,546.45577229679
"338",29.6387546168068,24.5094086831104,24.6451845107888,21.3357275029945,17.4170106391934,13.9993509750753,698.55578665888,0.188858358448779,221.976518048993,21.0083632370352,541.163990565963
"339",32.1852733725761,30.0582366164713,22.9322651866276,27.42588224067,19.9447869689259,19.6914624431253,704.67496636624,0.28796082940768,314.607756694925,20.0085858034716,574.073498674314
"340",33.6287174545992,18.8302272271953,18.7217604631734,29.437747145635,15.9786790282603,20.1108905380119,732.024637609445,0.292554045943004,342.551369112739,14.1275473601729,639.157250335366
"341",NA,NA,NA,NA,NA,NA,NA,NA,NA,NA,NA
"342",NA,NA,NA,NA,NA,NA,NA,NA,NA,NA,NA
"343",NA,NA,NA,NA,NA,NA,NA,NA,NA,NA,NA
"344",NA,NA,NA,NA,NA,NA,NA,NA,NA,NA,NA
"345",NA,NA,NA,NA,NA,NA,NA,NA,NA,NA,NA
"346",32.0791404377111,4.61239213524737,11.3651587997469,33.4687091771195,15.465660501948,28.4225733303756,391.578181680355,0.401624614886749,37.9796472886262,12.0197506003049,511.136304172514
"347",32.0801389191709,9.66068453800817,15.7073849078429,33.7008856556339,18.8123728108343,26.4798009359098,429.319139152544,0.337974624968414,65.2869622349483,14.8871462161093,378.462966433789
"348",30.2791969381497,10.8799345652414,15.2958495797738,37.3131920068127,25.2789010702905,26.8904239570351,463.750381347686,0.416462954131161,108.646675418301,10.8202278215292,229.009545757591
"349",29.8420964624995,9.55975122099947,15.7783061665482,35.9079314666935,27.248032560896,26.5502073896336,478.575334566016,0.489803185728147,76.6639464506608,10.4979264284555,81.0666002699059
"350",33.4687320391723,5.02689543685782,12.0734724439545,34.1947146193018,13.1583086082518,26.8092990938611,494.873131853299,0.34939006835465,67.6123762814533,10.5094368000566,56.0376860560548
"351",33.0251735164796,13.8326994557901,14.1615688267567,34.2208429032926,22.5509858061194,29.8885745297631,543.235358221766,0.437629666755778,138.716059592748,24.6705194536686,234.510049879325
"352",34.2505843261893,28.0644750579626,21.6293187882142,30.9555683170581,25.503632535,24.3275745569185,610.870285371356,0.401261952807388,203.949027388777,15.4157751962566,371.874031495415
"353",31.9097546420099,29.8181368653817,22.9250570375184,28.160883932787,20.4448309342785,23.1920775966225,630.891388421355,0.303854077538197,289.305757020237,14.5405648550176,515.866691507746
"354",34.6833450288055,28.0608892050833,21.4650352956246,31.065179188288,24.3010227204406,26.4126403243004,674.712817129874,0.381127456794971,366.530517024203,18.8485405528803,634.462534844202
"355",35.1068013485468,29.2310764164578,22.0502067947951,28.3258838010024,17.7745711290985,20.300203418746,719.239017914293,0.336488232982805,333.113931827095,16.6741739509126,598.491850259266
"356",33.1841639804503,23.9442055748193,24.1537539448469,21.7296960040099,12.9212698360001,12.0732306539323,730.451551545958,0.185645185435974,263.791872421348,17.5388672313659,541.950083171277
"357",31.1451581648462,25.0164719643731,23.8533521175735,23.2250381450503,15.7813846535805,16.2810818233233,723.775147981401,0.227959750184556,216.594049891449,18.7317112346531,523.342497376324
"358",28.7757042448176,26.0575764298103,23.8724609276503,23.9643578554798,19.4338589422821,14.964218006115,743.723776121951,0.240897900555878,212.104915588713,18.5982191313888,546.917572079273
"359",31.8395170338583,28.366701829938,23.4287621204094,24.9226896112002,17.5370787040309,16.8545728068198,749.570208755172,0.238784761356783,211.294715868746,15.8238378799604,605.469419468538
"360",31.8259210035775,17.8661573236437,20.0644369411704,24.792217652974,16.3649538443982,17.9434695716747,760.129690310882,0.24115410363849,198.201403070644,13.0936757781961,687.744075496184
"361",NA,NA,NA,NA,NA,NA,NA,NA,NA,NA,NA
"362",NA,NA,NA,NA,NA,NA,NA,NA,NA,NA,NA
"363",NA,NA,NA,NA,NA,NA,NA,NA,NA,NA,NA
"364",NA,NA,NA,NA,NA,NA,NA,NA,NA,NA,NA
"365",NA,NA,NA,NA,NA,NA,NA,NA,NA,NA,NA
"366",32.9755679378687,4.05066569216834,11.3899336659545,32.6626328809853,13.576338846247,28.1482756131799,371.103005834779,0.358828973240776,78.7562693192357,22.588941899017,513.048291599517
"367",32.6839161591422,5.52176297499944,12.9585699368508,32.7019580826333,14.5459699347489,29.7697034922298,410.168619713079,0.357932665053464,34.0458450047257,20.1893517795138,387.907339630721
"368",30.6502826088667,8.84114147238644,12.7867641881887,35.0729078429789,23.2617557032805,34.3901656513416,460.694656481184,0.471017477567418,106.38714012174,20.3603090314461,245.79621962762
"369",32.0647022589789,6.39047500886781,11.9927013045214,32.2065745579814,21.1152615556857,34.6925353018942,477.806416774199,0.406363199110628,49.2433116565908,16.087709140153,125.595723400568
"370",31.792690410128,18.5693125263725,17.4249270786386,30.9208767099761,22.4061186274492,25.2503860917693,504.304629047523,0.345535733092903,39.958605553346,18.7421624672628,123.190160732015
"371",32.4288757173714,21.045783840853,18.9626036935762,31.317639782324,18.197703828809,21.7680582147013,573.153027059141,0.291756919711724,36.6346629800708,22.8597120626857,329.483129217552
"372",32.7088119977586,27.7202460435155,20.8485449942901,31.4353737409865,22.8181619204593,24.4253340948011,605.071014559367,0.380637010851785,97.3487313276008,19.3021106837362,440.447151609724
"373",32.899931894164,26.4661793517581,21.4085496469442,30.9159710979185,20.3853447512002,25.3093439301765,636.380922535418,0.355533599069993,229.381256543927,17.4740192208792,564.946987047183
"374",33.6594973937187,25.4008413714128,21.4131560542241,32.085067488752,23.464578876454,23.6792555775658,673.592247969067,0.375022042116428,360.680128172438,20.7281039524678,561.545103398478
"375",33.1173616758798,26.8247554543131,22.0994170058093,29.7627735922604,18.6596899561787,22.5504243703533,720.569520405721,0.3254818371703,331.296009102019,21.7188997034904,469.556215281306
"376",34.5995887021059,29.3653294383261,21.8269175818133,27.3151647521461,14.6458676211483,19.5761942007177,753.161342645948,0.300091015993799,226.6146368972,12.3763758138998,400.020018513658
"377",31.8160044818541,23.6950436569169,24.090466556105,22.1491578531588,14.092218232963,13.4478574441412,776.910403895061,0.176595580737892,119.899338884616,19.9224322190363,374.456481441965
"378",29.3999080123805,24.8947762092907,24.2068639702943,23.4763447588602,18.6092910351428,13.1620750221313,790.079248899616,0.209119846722598,67.9686162905011,17.0375310603117,406.917764970313
"379",32.4852325973387,24.0223356172825,21.1170102629517,26.7017356858517,18.3383539618148,16.6107426041012,792.993645468316,0.267276459679066,71.6187503854895,18.400527317357,482.200049618166
"380",30.5017681325473,23.550581618756,23.893341103375,22.9150303628113,17.0910025851064,10.7812046104362,804.144362549104,0.184585064722483,54.7027219110704,19.7937447911559,585.52551589372
"381",NA,NA,NA,NA,NA,NA,NA,NA,NA,NA,NA
"382",NA,NA,NA,NA,NA,NA,NA,NA,NA,NA,NA
"383",NA,NA,NA,NA,NA,NA,NA,NA,NA,NA,NA
"384",NA,NA,NA,NA,NA,NA,NA,NA,NA,NA,NA
"385",NA,NA,NA,NA,NA,NA,NA,NA,NA,NA,NA
"386",32.2161158864513,4.03912944548114,12.0102560019414,33.295546693046,15.2273498824187,27.3698378545238,388.567885582413,0.380061269049847,94.150109965621,21.2275285893904,559.034443138962
"387",31.8251955936116,5.24900100950797,12.5655733691865,34.2700539800591,15.6697999208332,27.5289723649684,423.379837593472,0.361007557059381,17.8412529999935,16.1805848635086,447.682941264309
"388",33.5376034037464,4.36070392341194,11.4401180749177,33.4502849498916,13.7988055107102,29.5686191619318,449.198886922801,0.360314369314007,31.5459608050244,13.6010107016929,332.198100859657
"389",34.3938677728473,3.90244829601701,10.6311050437996,33.8134916587441,16.853615645042,30.0417419352346,483.112043497202,0.444777439453081,23.2026481732169,13.3820026622163,256.361193711566
"390",33.1110103802283,15.8837108051024,16.4333053701269,32.7828802508236,17.2407671333469,23.885727582256,529.754742129401,0.319266270324564,20.443968974951,17.2613123331145,257.4812368181
"391",34.3097649827484,17.5384073037284,17.1492525877584,33.8671766980856,19.0168261833001,25.3574613798541,609.338164159462,0.354283719691789,55.688219237091,21.4662798644872,453.735452937164
"392",36.93925982343,17.8223937579719,19.643894482802,31.9884984403291,13.9612611982861,18.0425349216167,641.888380938524,0.26161172243512,44.7068786564573,15.8172733441431,540.095895292894
"393",33.4960351181063,21.2128363584436,20.7106822651312,28.7782458116933,14.9039042487682,17.7367850571355,667.816866250036,0.224950657220994,169.536485833272,18.0096663359903,583.715347964381
"394",31.5274934250431,30.1038310837978,22.9167374594281,27.4777341690939,18.5174791449436,20.3366586041984,687.164952208313,0.309552926224327,288.703428673849,22.1725341844728,467.799931326277
"395",34.8937722195255,30.9517695820395,21.6400947749329,29.2171490330766,21.3970070691211,22.5312789623377,727.741461511553,0.383482823404264,235.233513728628,16.5965589712668,351.298722605928
"396",33.3904345874051,30.5167281532579,21.9481391898694,27.4895418727358,15.9858944988728,20.3793492457327,767.215595820562,0.288223248123145,122.156174009092,14.7646226170405,264.480763495572
"397",37.6689740812071,26.9343979427288,23.0202650494295,23.7938342243855,13.9024418673853,12.1782673051497,807.501524773896,0.18459106959652,37.9662852644926,11.6543577495597,226.654325975438
"398",30.8407604593938,26.7617881005391,23.7070001619237,23.6907108069992,15.7811123920311,14.6483816156413,802.848066247895,0.229196630428531,55.1457471777902,8.59887397822947,274.38131688022
"399",31.3137524882437,28.1851498848206,22.4400561629777,24.7429421438089,18.7393112496776,17.4632042888939,823.587832615554,0.246493310081305,53.4087656908752,16.2073760887522,374.363164976376
"400",33.5630040482903,28.1814625168424,22.9305445633302,26.8386662137655,18.2556211090082,15.4368506465343,851.624772014935,0.28725005929041,83.4237508058676,16.8875547903993,495.800401148554
"401",NA,NA,NA,NA,NA,NA,NA,NA,NA,NA,NA
"402",NA,NA,NA,NA,NA,NA,NA,NA,NA,NA,NA
"403",31.6305006647666,15.0500573246751,20.6781224740207,39.4953299156688,25.0013831077228,20.912825430093,353.59776645545,0.401956553834568,130.266814290195,11.8632721978854,1021.43959173199
"404",30.5936506091337,16.2574938309139,19.2302149469443,36.5934387298261,21.0186685171724,22.4162737077521,375.632287209878,0.390278318046153,68.9687729188214,10.5657940945233,926.493681502455
"405",27.6703048304217,25.4084432565818,22.060273755026,24.54006263556,15.3663119484182,16.4105497589504,379.611022294061,0.206774941194807,92.3129992600674,17.4884709871913,797.574428755887
"406",29.9841657939698,15.6167112719321,16.509376195558,32.7225850467985,20.5512444503447,25.5323481251977,398.037318433252,0.327106116032913,150.507537630653,19.9439741834283,653.656110288018
"407",30.2977207973746,14.7616187821202,16.3462857102834,34.306255753673,24.773893904246,27.4826077838011,439.281115537352,0.367472453816868,87.5754350468601,15.4312466544881,543.316736357098
"408",34.8260416061332,5.75291831043661,12.0536195257316,30.3631978375266,16.1104160706445,33.5364071173475,462.891549010745,0.370300748007426,56.7602188867272,10.0639965700788,452.918786405696
"409",34.7828329017825,3.79653767469505,10.8551126926264,28.949271499519,14.1272386109888,33.0020066342505,481.396096391675,0.354392725664546,31.7095573883879,14.1912115075408,400.601345576288
"410",34.1134220951348,12.3936867964414,14.6562721922438,33.339310964157,18.8003119797418,28.313775606652,539.578393782546,0.375889814953441,75.4056947691214,25.2196695124279,401.506637014826
"411",35.5069991331009,16.7012022202055,18.0486000609602,33.0833938229642,19.050763955066,23.610289893117,629.411404454098,0.346616205176443,123.200382986693,20.6307310406861,588.83111710966
"412",41.3460974921004,20.000778575468,20.3092952842428,27.6836209218227,11.8402780526319,12.594560553812,669.424871848956,0.170464871427165,34.8645708002496,11.5430490353529,641.445972884776
"413",40.320009810471,21.54406476893,20.8217430032651,27.4113556495223,12.0563007758882,14.0558024248452,699.025702582075,0.15044431576954,150.583436767751,15.3777023399015,550.056202891408
"414",31.3872302085624,29.3749949620619,22.5141482256611,26.2158534949799,14.8452835064401,18.1314921645113,722.934267919516,0.24304543813956,201.878220990962,18.8812777985086,405.222802206942
"415",32.0370956447522,28.4439215878526,23.6478477114436,25.8083483185281,17.2112219605644,19.6305189170803,757.746400610226,0.27198276420244,119.17819450948,17.9039960477353,264.916371609658
"416",34.2240820850255,25.9378858586305,21.5422547146606,25.4718987869705,14.9373916329393,16.2116363653977,787.439666860056,0.256741156451273,41.9911152974111,11.8210304696748,142.549830319715
"417",34.1546418722892,27.6287646894275,21.7588464131577,26.0025899768932,16.3356943405622,19.9994309024283,796.210977621699,0.299840936549421,77.3056337828842,7.4609972800813,85.1720342791966
"418",32.7794466665456,28.8024751262969,22.7791210264342,26.1763441253468,17.2742733894525,20.365956989932,802.441299631493,0.290420245753749,163.770159968811,16.0140742718591,164.529215481472
"419",32.050974225587,29.3798850887668,23.5946492012398,26.5423147492165,17.7817290390753,21.1655337098195,846.964423996846,0.272371474118781,118.593600609476,16.1003523325017,292.234089148503
"420",33.6056809413184,30.3327757310846,23.2831686006762,28.0041027970352,17.550821121622,17.6767478454325,875.831814301406,0.342645255342069,64.8397116602607,7.59807173747605,432.330265971136
